PULocationID,trips,avg_tip
263,22,9.723181818181818
1,26,9.541923076923077
229,29,9.35896551724138
30,20,9.128
262,28,9.1075
209,26,8.956923076923077
149,22,8.923181818181819
98,23,8.880434782608695
28,29,8.878275862068966
177,21,8.875714285714286
53,24,8.8425
78,28,8.840357142857142
39,27,8.73962962962963
90,25,8.7284
97,28,8.710714285714285
63,24,8.660416666666666
184,23,8.645217391304348
129,24,8.63125
210,35,8.542000000000002
16,31,8.536774193548387
192,24,8.511249999999999
40,19,8.507894736842106
20,26,8.501153846153846
33,22,8.5
164,19,8.496315789473684
80,24,8.475833333333332
4,15,8.449333333333334
122,24,8.447083333333333
87,27,8.444814814814814
259,17,8.428823529411764
195,32,8.41375
17,33,8.409090909090908
248,22,8.385
139,36,8.383611111111112
107,29,8.38241379310345
49,30,8.362
183,27,8.348148148148148
223,33,8.347878787878788
71,29,8.34551724137931
150,38,8.310263157894738
217,15,8.306666666666667
56,33,8.299999999999999
226,24,8.28
249,21,8.275238095238095
54,25,8.2728
27,28,8.261071428571428
68,36,8.252777777777778
251,19,8.247894736842106
188,27,8.233703703703704
216,28,8.233571428571429
